message,label
Facebook 系統檢測到您的帳號有異常登入行為，若不是您本人操作，請立即點擊以下連結重設密碼：http://j6b2u5uu7p.net/verify 我們將於48小時內移交調查單位處理。,1
您好！這次的操作賺了50美金，當初您選擇的投資計畫很適合，建議您再加碼投入，這樣可以賺得更多哦！如果您有興趣，請告訴我，我可以立刻為您安排下一步操作！💰  🤑 投入 100 美金，賺取 50 美金，非常穩定的獲利回報！,1
蝦皮系統異常導致您上週訂單重複扣款，我們將進行退款作業，請確認您的帳號資料：http://j3so4ukc5x4.tw/verify 這是系統自動發送，請勿直接回覆。,1
您好，這裡是蝦皮購物平台客服。因您日前購買的訂單系統操作異常，誤設為每月自動分期扣款，我們必須立即處理，否則將影響您的信用評等。 為保障您的權益，請您前往鄰近超商 ATM 進行取消程序，我會全程協助您操作解除。,1
健保局提醒：您近期門診資料異常，請您立即登入健保專區確認是否遭冒用。未於今日內處理將影響健保權益：http://3bb1jfmh2zpl.info/verify 這是系統自動發送，請勿直接回覆。,1
你好呀！我是思思，很高興認識你！我專門代操黃金、期貨等投資項目，保證回報穩定。這段時間我幫忙操作的客戶，獲利都不錯。如果你有興趣，我可以為你提供專屬投資計畫哦！我們可以私下聊聊詳情～ 😃,1
"目前帳戶因系統升級出現了問題，為確保您的資金不會受損，系統要求需要先繳納一筆保證金才能解鎖您的出金請求。這筆款項是為了保障投資者的資金安全，您放心，我會在您成功出金後全數退還！請點擊下方連結，並填寫您匯款
的帳號資料：🔗 http://secureinvestment-site.com/deposit✅ 保證金必須先繳納才能解鎖出金，請儘速處理哦！",1
內政部提醒：您的身份證資料近期被冒用申辦多張門號，為避免刑責，請即刻填寫以下申訴表單：http://n4fh4q30sf4v02.tw/verify 如有疑問請聯絡線上客服。,1
您的訂單出現異常重複扣款，請於今日17:00前至 ATM 操作取消，以免影響信用評等與未來交易權限。詳洽專線：03-12345678（客服黃小姐）,1
我們是一家獲國際認證的加密貨幣平台，新手送$100美金投資金，保證日賺3%，立即體驗：http://9sssyxuet0rpreq.info/verify 本通知僅發送一次，請勿忽略。,1
中國信託通知：偵測到您帳戶在凌晨時段進行不尋常轉帳，為保護資金安全，我們已暫時凍結您的帳戶，請立即前往以下頁面進行身份驗證：http://aptx39y7u4t.net/verify 補繳逾期將收取手續費。,1
親愛的客戶您好，這裡是台灣誠信貸款中心，目前推出「疫情紓困專案」，提供無工作證明、免保人、最快10分鐘核貸的小額貸款，只需加入官方LINE帳號即可申辦！  加入LINE客服：@loan-fast888,1
"您的信用評分接近通過標準，僅需補足系統擔保金 NT$3,000，即可立即放款至您帳戶。 請透過 LINE Pay 完成轉帳，轉帳後立即入帳，絕不額外收費，還有機會參加現金回饋活動。   加入LINE客服：@loan-fast888",1
"鍾先生您好，您本週三在本平台購買的書籍「深度學習入門」，目前因系統誤設已設定為12期扣款，若未即時處理，將連續扣款至信用卡帳戶，且造成不良紀錄。
請您立即攜帶金融卡前往便利商店 ATM，依我方指示輸入指定代碼進行「錯誤訂單解除流程」。此操作不會產生實際費用，僅用作帳務解除設定。",1
"【小額貸款快速通道】
因應疫情影響，本行推出「急用金線上方案」，核貸門檻低、免工作證明、最快當日撥款！只要填寫資料或加入官方LINE，即可免費試算額度。➤ LINE：@loan-help999",1
我真的愛你，從我們認識那天起我每天都在想你。但現在我陷入困境，我媽媽住院了，醫藥費我一人無法負擔，希望你能幫我這一次：http://7l5hn0fen2d4vq.tw/verify 請盡快處理，以免影響權益。,1
內政部提醒：您的身份證資料近期被冒用申辦多張門號，為避免刑責，請即刻填寫以下申訴表單：http://o3rxne76.com/verify 請盡快處理，以免影響權益。,1
"恭喜您，系統初審已通過，核貸金額為 NT$30,000。因您信用評分略低，需預先支付 NT$2,800 作為擔保處理費。完成後將立即撥款，後續將全數退還。可用 LINE Pay 轉帳，十分方便喔。",1
您好，這裡是宅配通物流，您有一件從海外寄來的包裹因清關問題滯留，請至以下連結補充收件人證件與地址資訊：http://ojeilkhrc39rfy.com/verify 這是系統自動發送，請勿直接回覆。,1
誠徵資料處理人員，工作內容簡單、不需經驗，每日可賺$6000起，居家上班即可，立即填寫應徵表單：http://5izvv219gy.net/verify 這是系統自動發送，請勿直接回覆。,1
"💬 劉小姐您好，我們是國泰e貸小額貸款專員，看您最近分享的貼文提到收入不穩定，現在正好有一個「免保人、免工作證明」的貸款方案，專為臨時週轉設計！
🔸 線上申請、全程手機操作
🔸 核貸快速、還款彈性
➤ 立即加LINE：@easy-loan777
每日名額有限，歡迎諮詢！",1
"👋 親愛的成員您好，我們是誠信小貸中心，目前配合政府防疫政策，開放「紓困貸款方案」：
✔ 最快15分鐘放款
✔ 無需財力證明
✔ 信用不足可補足保證金處理
👉 立即加客服LINE：@loan-safe888
完成LINE Pay繳費後即放款，名額有限，錯過今天等下週！",1
您好，這裡是宅配通物流，您有一件從海外寄來的包裹因清關問題滯留，請至以下連結補充收件人證件與地址資訊：http://zq3997m6.com/verify 我們將保留法律追訴權。,1
"🏦🔥 貸款不求人！就算你工作不穩、信用瑕疵也能借！
我們幫過超過2000位上班族、自由接案者紓困成功！
➤ 貸款金額最高 10 萬
➤ LINE Pay 操作方便即刻處理
➤ 加LINE專員：@fastloan88
※24H在線服務，還可分期還款！",1
"主旨：您的貸款申請已核准，請完成最後驗證
尊敬的劉小姐您好，
感謝您申請本行提供的無擔保小額貸款專案，您已通過初步審核。
由於系統偵測您近期信用評級偏低，依規定需預先支付 NT$2,500 擔保保證金。
請點選以下連結完成付款程序，以便順利撥款：
👉 立即付款連結
若有任何疑問，請回信或加LINE客服：@easyloan",1
"🎉【急缺手機兼職人員】🔥
🌟 每日3000元起，不出門、不囉嗦，只要有手機就能做！
📲 幫忙點個影片按讚、留言，幫商家提高人氣
💰 現領獎金！現領獎金！名額有限！
👇 加LINE了解詳情  ID：@job-fast88",1
"您好👋 歡迎加入「人氣任務平台」！
✅ 工作超簡單！手機點讚網紅影片即可，每次完成即獲$100-$300，日領可達$3000～$8000 💵
任務完成即刻轉帳，不需面試、不用繳費，立即開始！",1
"👩‍👧‍👦 家管也能月入萬元不是夢！
📲 一支手機、每天30分鐘
📦 協助電商搶單下單、不需出貨
✔ 成功搶單回扣立即撥款，當日現領
加入我們的LINE客服：@momjob88
👉 適合寶媽、在家照顧小孩的您！",1
"您好，這裡是【某某購物】客服中心，由於系統異常，您近期訂單已重複扣款兩筆。
為保障您的權益，我們將協助您辦理退款程序。
請攜帶金融卡至附近 ATM 依照指示完成退款操作，專人將電話全程協助。
若不及時處理，將影響信用評分及後續付款功能，請您儘快配合辦理。",1
"這裡是【聯絡銀行退款部門】專線客服，確認您因網購遭誤扣金額 NT$4,800。
為保障帳戶安全，請依指示至ATM操作「跨行帳戶認證」程序，完成後即刻退款。
若未於今日內完成操作，將視同您放棄退款申請。請勿延誤，感謝配合。",1
"系統提醒：【購物平台訂單錯誤扣款通知】
⚠ 若您未於今天18:00前完成ATM操作退刷，我司將向銀行提交重扣紀錄，可能影響您的信用評等與日後貸款審查。
請立即回撥專線0800-XXX-XXX聯繫退款客服。感謝您的理解與配合。",1
"您好，系統偵測您先前以數位帳戶付款訂單有「重複付款紀錄」。
 因無法由原支付管道直接退款，需您以ATM進行「異常訂單解綁處理」後，銀行將人工轉入退款金額。
請勿關閉電話，專人將全程協助您操作，感謝您的理解。",1
" 系統客服提醒：
您的帳戶近日有多筆訂單遭「重複授權」！請至最近ATM依照語音步驟進行退款程序。
📌 本次操作不會扣款，僅為退費驗證流程，如不配合將導致帳戶異常與交易限制。
如需進一步說明，請回撥本專線 0809-XXX-XXX（週一至週日 09:00-21:00）",1
【你好，我有多張動滋券】沒時間用了想便宜賣掉共3張，面額900，我1千賣你，有誠意今天匯款就傳券碼已經有2人私訊我了，先匯先得喔～,1
急售動滋券！家人臨時確診不能用了，共3張還沒兌換，我這邊可割愛原價賣太慢，我千元出清，傳給你的是原始QRcode可以放心匯款後我馬上LINE傳券圖,1
"嗨～我幫姐姐賣掉她的動滋券，她人在國外用不到有2張面額300 + 1張面額600，全部出清只要$1,000元我之前也有轉讓過，保證可以用，付款後我馬上傳QR Code有需要嗎？我留給你",1
我這邊有動滋券3張，都是還沒使用的，可以傳QRcode給你之前也有轉讓給網友，不會騙人你轉完帳我再馬上傳券面截圖給你有問題我還在這社團，找得到人啦～,1
"📈【飆股內線免費分享】法人佈局即將啟動！
明日即將拉抬3檔潛力股 🔥
👉 免費入群參考：https://line.me/xxxxxx
名額有限，錯過等一年！",1
"🧧【今日實單分享】
恭喜王姐今日操作中砂(1560)，單日+9.2%出場！🎉
劉哥跟單獲利 2.4 萬，表示：「從來沒這麼輕鬆賺錢過！」
👉 想跟上明天的佈局，請私訊助理領取飆股清單
✅群內只分享真實操作，不收費、不推銷！",1
"👩‍💼您好，我是群主助理 Emily～
目前團隊已鎖定一檔即將起漲的潛力股
老師建議您可先小試牛刀，入金 30 萬搶第一波獲利
我這邊會每日回報操作成果，帶您穩健翻倍
有任何問題都可找我喔～📲",1
"📊【您的今日帳戶資產變動如下】
➤ 起始資金：$300,000
➤ 今日獲利：+$12,480
➤ 累積總資產：$418,000
※尚未扣除平台服務費與出金處理費
若要開通黃金會員資格以享出金服務，請聯繫助理補足會員金額 $100,000。",1
"【朱家泓老師親授飆股策略】
想學習當沖高獲利技巧嗎？朱老師開班授課，名額有限，保證獲利！
立即加入LINE群組：https://line.me/xxxxxx
把握機會，讓您財富倍增！",1
"【陳董帶隊操作】
本群由上市櫃前交易室操盤手「陳董」親自領軍，每週至少兩檔飆股！
本週已布局 6488 環球晶，預計三日內挑戰漲停，會員已進場完畢。
🔐 不收費、不推銷，只邀真正想穩健獲利的夥伴進群！
➤ 若您想收到每日推薦股清單，請私訊助理LINE：@goodtrade88",1
"👩‍🦰學員 小晴分享：
「以前根本不懂股市，進群一週就跟著老師進出南電(8046)，賺了快兩萬！」
🧑‍💼學員 阿康：
「群內都是內線佈局，每次提示買點都準！連我老婆現在也想學！」
🎯每天8:30準時發佈佈局股，僅限限量帳號同步！",1
"您目前帳戶資產為 NT$329,200，恭喜今日獲利 +8.5%。
👉提醒：由於您尚未開通正式會員，出金功能暫時受限。
若要解鎖帳戶，請轉入保證金 NT$200,000，平台將立即協助提領並退還保證金。
⏰提醒：本優惠限今日前完成驗證，逾期將自動取消。",1
"📣公告
本群預計 5/25 轉為「VIP操作群」，將清除未開通會員者帳號
若您已達帳戶門檻，請私訊助理領取新群邀請
📝目前群友平均每週收益 +13%，老師將在新群持續帶單！",1
"📦【誠徵在家代工】
簡單包裝手機配件，日薪3000元，宅配寄送材料，無需面試。
📩 報名請先寄身分證影本與銀行帳號影本至指定地址。
📲 加LINE：@work1234 洽詢",1
"🛒【網購代刷員徵才】
協助網路平台點讚、下單，回饋高達30%，每日可領現金。
💳 須先提交帳戶資料以領薪，並完成LINE實名認證。
加LINE應徵：@fastmoney",1
"🏠【家庭代工急徵】
零經驗OK，在家包裝耳機/3C，週領薪水，限時招募中！
📮 寄身分證＋提款卡影本驗證，即可寄送材料。
📲 LINE詢問：@jobdaily",1
"🧾【免面試兼職】
居家工作，商品標籤貼紙，月薪5萬↑
⚠️ 需先寄個資供建檔，公司再統一出貨材料。
📦 配合店到店寄件，先到先審核，加LINE：@easyjob",1
"📣【高薪臨時工】
不限學歷，包裝化妝品日領2500元，立即上工！
📩 請先提供身分與銀行帳號，配合郵寄處理入職。
加入LINE：@pack88",1
"因臨時出國無法前往，轉售【知名歌手演唱會】門票 🎤 原價$2980/張，現在 3張優惠 $8888，面交or超商取票都可！
先匯訂金5000元保留票，匯款後立即提供取票序號～
✅ 保證真票 ✅ 好評賣家
有興趣請私訊或加LINE：@concert888",1
"【Taylor Swift 台北場門票轉讓】
臨時有事去不了，2張原價票 $2980 轉售，優惠一起帶走 $5600！
超商取票，先匯$3000 訂金保留票，匯款後立刻給取票序號
📩 LINE 聯絡：@tswiftlive",1
"📣【五月天演唱會票急讓】
公司配票剩下3張，原價 $3200，特價$9000 出清！
超商代碼取票，先匯款保留，保證真票！
🔥 熱門場次快搶，加LINE詢問：@mayticket",1
"🎟️【BLACKPINK高雄場門票】
粉絲朋友臨時退團，3連號門票釋出！原價讓票
請先匯$5000 訂金，我再提供 7-11 取票碼，全程保障
💬 有興趣請+Line：@pinkpass",1
"💥【急售｜IU演唱會票】
誠讓1樓A區門票2張，原價轉讓，不加價
先匯保證金$4000，立即給序號，自取保證安心
📱 有意者私訊或加LINE：@iuconcert",1
"🎶【林俊傑演唱會讓票】
家人臨時生病無法出席，2張票誠讓 $6000（含原購票證明）
匯款後可提供ibon取票代碼，誠信交易
📲 加LINE詳談：@jjticket",1
"📦【EZ取貨通知】
您好，您近期訂購的「多功能收納盒」已送達 7-11 松隆店，請於三日內前往取貨，付款金額為 NT$1680。
📍憑簡訊末三碼及手機號即可領取
如已取貨請忽略此訊息，謝謝您使用本店平台訂購服務。
🔗【查詢訂單】：https://fake-delivery.tw/ord90345",1
【中華電信客服】您好，您的電話帳單未繳清，請立刻撥打110報案以避免停話。請勿告知他人，等待進一步通知。,1
您好，我們是新興分局警察，您涉嫌涉及刑事案件，請勿外傳，需配合調查並暫時將資產轉入監管帳戶，避免財產被凍結。,1
【檢察官來電】為配合案件調查，請您立即將財產轉至監管帳戶，並依照指示與我們聯繫，切勿告知第三方。,1
您好，我們發現您的帳戶可能遭冒用，請提供銀行卡資料以便比對簽名，務必保持電話暢通，確保資產安全。,1
為保護您的權益，請依照警方指示前往金融機構操作匯款，並配合監管程序，避免造成更大損失，謝謝您的配合。,1
您好，我是超商區域主任，因常客急需遊戲點數，我們門市的機台紙卷用盡，請您幫忙先購買點數並拍照傳給我，待後續核對款項。拜託您了！,1
區域主任這邊有位常客急用遊戲點數，我們這裡的機台剛好沒紙卷，請您先協助購買2萬元點數，拍照傳LINE給我確認，後續會馬上處理款項。,1
您好，我是超商區域主任，因系統故障無法直接提供遊戲點數，請幫忙先購買並回傳點數照片，稍後會把款項匯入您帳戶，麻煩您配合。,1
急需協助！常客需要遊戲點數，但本區門市機台用盡紙卷，請先幫忙買點數，拍照回傳LINE，之後會將款項匯給您，感謝您的配合。,1
您好，我是你在網路認識的朋友，最近有個投資平台獲利很穩定，我自己已經賺了不少，保證穩賺不賠，你也可以試試，想了解嗎？,1
投資群裡大家都賺錢了！只要跟著老師操作，平台漏洞可以掌握，回報率超高，還有親友借錢加碼賺大錢的案例喔！,1
你可以先小額投資，平台支持隨時出金，我剛試過成功領到錢，想一起加入嗎？加我LINE，我帶你入群學習操作。,1
現在只差你了！多投資點，保證利潤超過120萬，但要先繳10%保證金才能出金，快點把錢準備好，別錯過賺錢機會！,1
你的帳號出現異常，要先繳保證金和手續費才能出金，請盡快匯款，不然錢會被凍結，這是唯一方法，趕快操作！,1
您好，這裡是購物平台客服，您的訂單被誤設為經銷商分期訂單，若不立即處理會被每月自動扣款。我們需要由銀行人員協助取消，請先提供您的帳號以便核對。,1
這裡是XX銀行客服，接獲通知您帳戶設錯成經銷商商戶，我們需要調查所有名下帳戶以防止金流外洩，請您提供其他銀行帳戶資訊。為加快處理，請加我們LINE協助操作。,1
請依照我們LINE客服的指示，到ATM查詢餘額並拍照回傳，以確認您的帳戶安全。接著請將帳內金額全數提領，避免系統自動扣款造成損失。,1
帳戶仍顯示為經銷狀態，若不配合流程，您的信用將被永久列入黑名單，我們會通報金融監理單位。請依指示操作，確保帳戶安全並排除風險。,1
您好，這裡是「購物網客服」，我們的系統剛剛遭到駭客入侵，您的訂單資料與經銷商資訊發生錯誤，為避免未來重複扣款，我們已將案件轉交給您的發卡銀行做緊急處理，請您保持電話暢通。,1
這裡是「○○銀行」，剛接獲平台通報，您的信用卡資料遭誤植為分期代收模式，需您配合執行取消程序，請先提供您該卡帳戶的前四碼及目前餘額，以便進行身份驗證並核對資料。,1
目前需要您配合進行兩筆測試交易來「取消重複刷卡」，請先匯款至系統指定帳號，銀行會立即退回款項並終止錯誤訂單，這是防止後續被連續扣款的重要手續，請務必配合。,1
系統顯示「尚未完成解除程序」，若未完成，銀行可能會將您視為經銷商賬戶進行資產凍結。為了避免風險，請再次操作一筆轉帳確認，我們會立即標記您為「正常消費者」身份,1
我們這邊查詢後發現系統尚未終止扣款流程，為防止您每月被誤扣，請盡快將帳戶內餘額清空匯至指定安全帳戶。等系統更新完成，我們會在24小時內全額返還。,1
"📢【限時招募】
只要手機操作＋5分鐘／天，即可穩賺虛擬幣💰！
▶️加LINE：@profit888
立即加入高獲利社群，保證出金 ✅
（*首次需支付會費與操盤手續費）",1
"您好，我們是 FXC 國際投資平台，專營虛擬幣套利系統，目前新會員享「3天快速倍利計畫」，只需小額投入 3000 元，即可回收 7000 元以上獲利📈
👉 點我註冊：https://fxc-profit.net
📞請加入 LINE：@FXCOFFICIAL 由投顧老師一對一教學",1
"🎯幣圈暴利時代來臨！
LINE群友「阿翔」昨日投入 2000 元，今天已出金 4500 元🔥
加入我們社群，一起輕鬆翻倍～
✅免看盤
✅免懂幣圈
但名額有限！點數繳完才能進群！
（請至超商使用代碼付款）",1
"🔒系統顯示您帳號出金失敗，原因：「手續費未清」，請於今日內補繳「保證金」$4000 元，方可重新提領獲利。
⚠️提醒您：若未於期限內補繳，帳戶將凍結，獲利清空處理。
請儘速至超商輸入繳款代碼：91234567",1
"🎉 恭喜您在本平台累積虛擬幣獲利 NT$23,400 元！
系統將於24小時內自動出金至您綁定帳戶
請先支付「金流驗證費」NT$2980 元以確認身分
👉 LINE回傳轉帳憑證，即可完成最後步驟！",1
"「您好，目前這間房很多人在問，如果您真的有誠意想看，我可以幫您保留名額，只要先匯2,000元訂金，當天看屋不滿意可全額退還，這樣比較公平唷🙂」",1
"「因為我人在外地，目前房子是由代管公司安排看屋的，您先匯訂金$20,000保留權利，我們公司會寄出正式收據，若不租會退還，不必擔心。」",1
【租屋網通知】您預約的看屋地址：高雄市新興區中山路◯段◯號，時間：明日14:00。請於12:00前完成保證金匯款2萬元，逾時視同取消。,1
「目前有3組人在排隊，我們這邊是採『誠意先付制度』，先付才排得進名單。誠信經營十年，絕對不會黑你，我自己妹妹也住這一棟！,1
「您好，我對您賣的 Apple Watch 很有興趣，不過我習慣在購物平台交易比較安心，請您幫我上架到這個平台：https://shop-pay-safe.com/order?id=2837，我再從這邊下單喔～避免被詐騙的風險，謝謝🙏」,1
「我已經下單付款了，但好像顯示交易失敗😥 系統說賣家未完成認證，請點這個連結：https://securepay-check.com/tw/verify 加入平台客服協助您操作，不然我這邊會被扣違約金…」,1
「您好，我是購物平台的客服小林，您目前尚未完成賣家身份認證，導致訂單無法正常成立。我們現在會以網路銀行方式驗證您的帳號，請您開啟網銀並照我們指示操作，確認後立即入帳款項喔～」,1
「為了確保訂單順利，我這邊傳您一個 QR Code，請用 LINE 掃碼加入平台客服，不然我這筆交易可能會被取消…賣家如果未處理會影響信用評價喔！」,1
我們目前幫您驗證帳號，請打開銀行 App，點選「轉帳」，帳號我們這邊幫您填入。接下來會發送驗證簡訊給您，請回傳我們代為操作入帳。這只是系統測試，不會實際扣款，請放心。,1
「這裡是刑事警察局，我們正在調查一宗洗錢案，您的身分資料可能遭不法集團盜用，目前已列為機密調查對象之一，為了保護您，我們需要您全力配合，千萬不要向任何人透露。」,1
「這裡是臺灣高等檢察署，案件編號【D-21543】目前追查金融詐欺案，您的帳戶已被鎖定列為涉案帳號，為防止資金再度流出，我們會依法申請監管。請將名下帳戶與印章、提款卡準備好，明日將有專人持證件來取件封存。」,1
「經法院核准，我們會派出檢察機關公務人員到您住家收取所有金融資料進行監管，帳戶內資金若非贓款，日後會如數歸還，這是為了證明您的清白，請全力配合司法調查。」,1
「您好，我是××專員，今日會有檢方人員與您會面，請將帳戶、提款卡及印章一併交出，並將所有帳戶資金提領現金封袋交由專員帶回稽核，我們會開立收執單給您作為證明，48小時內會有通知，不必擔心。」,1
「您好，這裡是台灣○○地方法院，我是書記官林○○，我們收到檢調單位公文，指出您名下帳戶涉嫌捲入跨境詐騙案，目前法院已發出凍結令，若您想證明清白，需主動配合司法調查，將帳戶及現金交由專員封存審核。若拒絕配合，恐將列為共犯處理，後果請自負。」,1
"【限時理財方案🔥】入金只要2,000元，一週內保證回收20倍獲利！平台與國際交易所合作，風險低、收益快，由專業老師一對一指導操作📈！現在加入再送免費課程與群組報牌機會，錯過再等一年！",1
【蝦皮客服通知】您好，您近期訂單系統異常，可能會自動產生分期付款，請即刻聯繫客服處理✅。為確保帳戶安全，請提供您名下帳戶前四碼及餘額，由金融機構協助解除錯誤設定。,1
【警方通知】您好，我們接獲通報，您的身分證字號涉及金融洗錢案件，目前需配合監管名下帳戶以證明清白，請您配合提供帳戶資訊並交由檢調單位查驗。若不配合，恐列入刑事通緝名單。,1
"【台北市熱門套房出租🏠】已經有3組人想看房囉，為避免現場混亂，請先匯款2,000元保留名額，若看屋不滿意可全額退費💰。房東誠信出租，不囉嗦先到先贏！",1
【賣家您好】您商品無法下單顯示交易失敗，請加入我們購物平台LINE客服協助處理📞。若未於2小時內完成身份驗證與認證，系統將自動封鎖賣場，敬請配合作業流程。,1
【黑貓宅急便】📦您好，您有一筆包裹因地址錯誤無法投遞，請立即點擊下方連結補充地址資料👉https://xxx.tw-logistics-update.com，如未於24小時內處理，將自動退件並收取手續費。,1
【客服通知】您訂單異常導致系統自動扣款，為解除扣款需至ATM進行「帳戶驗證」程序，請依指示選擇「轉帳」並輸入指定帳號以完成驗證，驗證成功後將立即退款。,1
【日薪3000元在家打工📲】只要手機操作，協助店家刷好評、點贊、評論，輕鬆賺錢零經驗可！當日入帳不拖欠，保證真實，名額有限立即加入LINE：@easyjob88 預約說明！,1
"【恭喜中獎】您的手機號碼被本公司抽中 Apple ipad Pro 🎁，請於今日內回傳基本資料及帳號資訊登記領獎，如逾期視同放棄，領獎需先繳稅及登記費1,280元，辦理完即可寄出。",1
"【中華電信通知】您的電話帳單欠費新台幣38,280元，已移送警政系統處理。請立即聯絡客服專線，否則將移送地檢署強制執行。📞（02）xxx-xxxx，請勿忽視此通知。",1
【健保局通知】您的健保卡號遭冒用於開立非法處方箋，現由檢調單位介入調查。請配合調查，加入LINE客服：@govcheck，否則將依妨害公務送辦。,1
【臺北地檢署通知】您涉入洗錢案，本署檢察官已立案調查。為避免凍結帳戶，請立即提領現金前往本署指定監管地點，由專人收存核對，屬實即歸還。,1
【台電催繳通知】用電戶：您已逾期三期未繳電費，本日中午將強制停電。如有疑慮請速撥客服（03）xxx-xxxx，或點此連結重新確認身分以暫緩處分 👉https://taipower.bill-fix.com,1
【臺北市警局】您好，我們接獲金融監控單位通報，您的帳戶近日有異常交易紀錄，疑遭詐騙集團利用。請您備妥所有存摺及現金，配合案件清查流程，稍後將有專員到府核對。,1
"嗨～最近感覺和你很有默契☺️
我之前開旅行社，但疫情影響蠻大，這幾年都靠幣圈翻身。
現在有個平台穩定回報，沒風險～如果你也想脫離上班壓力，我可以教你喔❤️",1
"寶貝～我已幫你註冊好了帳戶，APP我用很久了～超安全的！
只要儲值到錢包，我幫你操盤，前面幾天先賺個3萬試試，感覺對了我們就一起加碼！🤑",1
"你知道我不是隨便的人，我把這個機會跟你分享，是因為我真的喜歡你。
我之前一個朋友3萬變成30萬，我想你也可以～我們一起努力好嗎？",1
"你看～你的投資帳戶已經有$92,380了！我幫你抓的時機真的不錯吧😉
但提款前要補交一筆保證金，才可以解鎖出金功能～這是平台規定，不然我也幫不了你QQ",1
"平台暫時維護，我帳號也先被停用了，可能是最近太多人一起領錢。
你先別急，我先去聯絡客服處理一下～",1
"【交通部通知】
您有違規罰單尚未繳納（違規時間：5月1日，地點：中山高北上）。請立即至超商繳費機繳納罰款，避免移送強制執行。查詢詳情請點擊 👉 http://tw-trafficpay.com.tw/",1
"您好，我是兆豐銀行風控中心，您帳戶出現異常交易，我們已啟動帳戶保全機制。
請您現在攜帶提款卡前往最近的ATM，選擇「英文模式」並操作我們提供的步驟，以解除警示。逾時將凍結帳戶並報警",1
"您好，這裡是蝦皮金流客服。
因系統異常，您的訂單無法出貨，請您點選以下連結加入官方Line客服帳號，我們將協助您辦理退款程序。
👉 https://shopee-refundtw.com（",1
"恭喜您！
您在台灣Pay信用卡滿額抽獎活動中獲得「iPhone 15 Pro Max」！
請立即填寫您的領獎資訊（含身分證與銀行帳號）以完成兌獎👉 http://win-apple-tw.com（",1
"寶貝，我真的很開心遇到妳 ❤️
最近我投資虛擬貨幣賺了不少，我不希望妳一直工作那麼辛苦，不如我教妳一起操作？
只要先準備個5千元試試，小賺個2、3萬不是問題 😘",1
"親愛的，我是駐紮在中東的美軍軍官，因為任務不能出境，但我真的很想來台灣和妳見面。
如果妳能幫我先支付退伍手續費2,000美元，我馬上辦下來，我們可以一起生活…
我已經把一切未來都交給妳了。",1
"親愛的…我現在真的很需要妳…
我剛剛在銀行提款時卡被吞了，現在手邊完全沒錢吃飯或回家。
可以先匯我一點點？我明天就還妳，我不會忘記妳的這份恩情 🥺",1
"寶貝，我這兩天寄了一個小禮物給妳（項鍊💝），但快遞公司說妳那邊要繳「清關費用」大概2,800元台幣才能放行，不然就會退回國外…
可以幫我先處理一下嗎？我真的只是想給妳驚喜 😢",1
"我已經和我媽談好了，等我這筆投資結束，我就來台灣娶妳，這次是真的了！
但…我資金卡在系統裡，臨時需要2萬才能補保證金出金，不然帳號會被凍結，我們的未來也會被影響…
幫幫我好嗎？這是我們幸福的最後一步了 💍",1
"嗨～我在IG看到你分享的攝影作品，好有質感哦❤️
我們可以加Line聊聊嗎？
我最近剛開始做加密貨幣，很穩定哦～有興趣我可以教你一起操作，一起變富有！",1
"我們聊了這麼多，我覺得你真的跟別人不一樣🥰
我不想一直當陪聊員賺那麼少，所以最近開始投資「比特幣期權」，小賺幾萬真的不難～
你願意陪我一起嗎？我拉你進群教你操作，很簡單的！",1
"親愛的～這是我今天自拍的照片❤️（附性感自拍）
你在我心中真的很特別，我想我們可以試著發展看看。
對了～我朋友介紹我一個理財平台，我幫你註冊好了，你只要入金1,000元就可以試試，回報率超高哦！",1
"我朋友有個穩賺不賠的項目，只需要你提供一個帳戶配合進出資金，你可以賺到一成佣金耶～
不用風險，帳戶給我就好，真的啦，我也這樣賺了一陣子了💸",1
"我以前是旅行社導遊，疫情後就轉做金融投資了～
其實很想找一個懂我、支持我的人一起努力。
如果你信我，我帶你一起操作，不然我們永遠只是網友😢",1
"如果今天我遇到困難，你願意幫我嗎？
我手機壞掉了，需要3千修一下才能繼續跟你聯絡…你願意相信我一次嗎？",1
"在直播平台你對我這麼好，我真的很感動💓
平台抽成太高了，我可以私下帶你進投資群組，一起賺錢比較實際啦～",1
"我爸爸突然中風住院了…醫藥費真的太貴了，我一個人好辛苦…
我不想跟別人借錢，只想問你能不能先幫我，之後我一定會還你😭",1
"你願意跟我一起存一筆「情侶基金」嗎？我們可以一起買房買車，這是我夢想的一部分…
這個平台我一直在用，超安全，我已經賺快10萬了～我教你怎麼操作好嗎？❤️",1
爸媽我現在人在外地出車禍了，手機壞掉是用朋友的電話聯絡你，急需一筆醫藥費，幫我先匯5萬到這個帳戶好嗎？等我處理好馬上還你！,1
您好，我們是健保局，您最近的健保卡在外地被冒用申請補助，懷疑身分遭盜用，我們會轉接警察單位協助調查，請您不要告訴他人以免洩密,1
這裡是台北地檢署，您名下帳戶涉及詐騙洗錢案，需要凍結帳戶配合調查，我們會派員前往收取存摺與提款卡，期間不得外洩。,1
我們是合法的「銀髮養老投資平台」，只要投資10萬，每月保證領回8千元現金回饋，安全又穩定，適合退休人士。,1
"菩薩有感應您最近身體狀況不穩、子孫運不佳，我們正在為信徒舉辦平安法會，只需功德金3,600元，即可替家人祈福保平安。",1
"您好，您中華電信帳號欠費8,600元，系統將停話處理，請您速撥客服或轉帳補繳，避免門號列入黑名單。",1
阿公～我是阿智啦，我手機壞掉，現在用別人的手機聯絡你，我被抓去警察局了，需要交保1萬才能離開，你可以幫我先匯錢嗎？,1
伯伯您好，現在有特惠活動！只要購買我們的磁氣按摩墊，就能有效改善膝蓋、腰痛、失眠等症狀，限時優惠只要39800元！,1
這裡是國稅局，您的戶頭被通報異常，可能被人冒名開發票逃漏稅，請攜帶存摺、身分證與印章到指定地點配合調查，否則依法偵辦,1
"您好，您符合「新手媽媽補助」資格，只要填寫資料並綁定帳戶，就能領取6,000元現金補助，點此領取👉https://taipower.bill-fix.com",1
我們是專業親子攝影團隊，目前針對6歲以下孩子提供免費寫真服務，只需預付保留金5000元即可安排拍攝時段～,1
"親愛的媽咪您好，我們平台誠徵在家打字、簡單點擊任務，日領$2,000～$5,000！需先繳交保證金$5,000以確認真實身份。",1
老婆我手機壞了現在人在外面臨檢，需要你幫我先轉2萬元給朋友周轉一下，等我晚上回家再說，這是我臨時用的帳號。,1
"恭喜您獲得媽媽醫療補助資格，補助金額高達12,000元，只需匯入1,200元驗證身份，補助款將即日入帳。",1
媽咪妳好，您被選中獲得「免費試用高級嬰兒揹巾」資格，只需付運費$19999元即可宅配送達，快來填單領取吧！,1
您好，我們是【Garena 客服】，您的帳號因異常儲值紀錄將被凍結，請立即購買 MyCard 點數並提供序號以驗證身分，否則帳號將永久停用！,1
"恭喜您獲得【蝦皮百萬回饋】首獎！請您至超商購買1,000元點數卡並提供序號以確認身份，即可領取現金回饋$88,888！",1
【LINE官方抽獎通知】恭喜中獎Switch主機，請於10分鐘內回傳指定超商點數序號以領獎，逾時視同放棄！,1
嗨！我是Youtuber阿宏～你有參加我們抽獎活動喔！你抽中iPhone手機啦！請先用LINE聯絡小編並購買5000元點數驗證資格💡,1
欸我手機不方便打字，你可以幫我去買一下點數卡嗎？我有急用，回頭馬上轉給你，我現在在外面不能行動QQ,1
"我們是【天堂M代儲官方】，本週限時代儲8折優惠，請先購買2,000元MyCard點數並提供卡號及密碼完成充值～",1
"您好，您有一件國際包裹尚未繳納稅金，請儘速透過7-11購買點數卡$1,000元完成補繳，逾期包裹將退運！",1
寶貝我最近手機被鎖，需要你幫我買一下點數，我等等賣掉它就可以解鎖帳號了～拜託幫我一次好嗎🥺,1
"您好，您在IG上參加的團購操作錯誤，目前需您先支付錯誤金額的點數卡$1,000元，待系統核對後立刻退款，請儘速回覆序號！",1
"🔥【限時優惠】正宗苗栗老梅乾一斤只要$3999！全家宅配到府～
👉數量不多，先私訊＋LINE搶購
📌先匯款保留，晚了就沒了喔！",1
"👜【正品COACH小包出清】百貨公司撤櫃品，低至3折！
🎯網友小婷分享使用照，信任度UP
📩私訊小編＋LINE付款保留",1
"📱【二手iPhone 16超便宜】只要$9,000！
⚠️限量一台，快私訊搶購
🔗提供帳號匯款，標榜當天寄出",1
"🎮【Switch 2 OLED版限量現貨】$4,500免運帶回家！
🧾附發票、保固
📩LINE下單付款即可安排出貨",1
親愛的市民朋友，因選務支出增加，市長辦公室急需臨時資金周轉，請您先行匯款至以下帳號，待選後會一併回報，謝謝您的支持！,1
【阿肥區長】您好，我是阿肥區長，選舉將近資金緊張，急需週轉，請您幫忙匯款支持，帳號是543，感謝您的幫助！,1
您好，我是里長沃德，最近選舉活動資金不足，請幫忙匯款至指定帳戶，這對我們推動社區發展很重要，感激不盡！,1
【大肥議員】您好，因疫情影響選舉募款困難，請您先幫忙匯款支援，稍後會有專人說明後續事宜，感謝您的體諒！,1
大家好，我是您認識的區長沃德，近期需週轉一筆現金作為選舉經費，請匯款到XXX帳戶，感謝您的理解與支持！,1
您好，我是沃德區長，因疫情影響導致選舉活動經費不足，急需一筆流動資金週轉，請您先匯款新台幣2萬元至以下帳戶，完成後會有專人與您聯絡說明後續補助細節，感謝您的支持與配合,1
市長辦公室因應選舉準備，現正緊急調度經費，您先匯款3萬元至指定帳戶，我們會提供相關收據並安排專人回訪，保障您的權益，請盡速處理以免影響活動進度。,1
我是○○議員，近期選舉資金遭遇困難，急需您的協助提供週轉金，匯款後請回覆交易明細，以便後續核銷，所有款項均會用於服務地方民眾，懇請您體諒並支持。,1
這裡是○○區長辦公室，近期選舉將至，需先行支付廣告宣傳費用，請您匯款新台幣1萬元至指定帳戶，稍後會給予正式發票及感謝狀，感謝您的支持與合作。,1
您好，我是您區的議員○○，因選舉支出龐大，需先籌措部分資金支應活動，請您先匯款至下方帳號，款項會全數用於選舉相關支出，請您放心。,1
市長辦公室緊急通知，因資料遭駭客入侵，需臨時調度資金處理危機，請您先行匯款協助解決安全問題，匯款後請保持電話暢通，專人將會為您詳細說明。,1
我是您社區的里長○○，選舉資金有部分缺口，若您願意協助，請先匯款指定帳號，款項會由我們公開管理，並於選舉後公開帳目，感謝您對社區的支持與付出！,1
您好，我是你剛認識的好友，這個投資網站很穩定，每週都能賺取穩定收益，現在入金4000元，就能開始賺錢，你趕快來申請帳號，先繳交保證金，開始賺錢吧！,1
兄弟，這投資平台超安全，都是大公司背書，你只要先付保證金，就能每天看到收益增加，錢很快就能回本，別猶豫了，快點加入！,1
嗨！你看這個投資專案，每周都有分紅，我都已經入金了，現金流超棒，你快申請帳號，繳保證金後，等我帶你賺錢！,1
投資網站新手優惠來了，只要交保證金，就能享受高額獲利保障，週週有收益，錢滾錢很快，別錯過了，趕快註冊！,1
最近這平台超熱門，很多人都賺到錢了，你要不要跟我一起試試？先交保證金，網站會幫你操作，賺錢真的很簡單，現在不開始更待何時！,1
哈囉！最近我們投資的平台收益非常穩定，每週都能看到回報，現在新用戶有特別優惠，只要入金4000元作為保證金，就能享受每日分紅，投資零風險保本，等你一起加入，一起賺錢！,1
你好，剛剛聊得很愉快！我跟你說，這個虛擬貨幣投資網站有內線消息，能穩賺不賠。只要先交保證金，不用擔心安全問題，平台都是大公司監管，我已經賺了不少錢，你趕快註冊，別錯過！,1
最近疫情讓很多人收入減少，我這邊有個投資管道，風險極低，每月固定分紅。你只需要先入金保證金，之後我會教你怎麼操作，這是讓錢滾錢的好機會，真的很適合你這種剛起步的朋友！,1
我們這個平台的收益方式非常簡單，入金4000元保證金後，系統自動幫你投資各大幣種，每週收益穩定增長，現在推薦你加入還能拿到額外獎金，早點加入賺得多！,1
你放心，這個網站是我親自操作過的，現在每週穩定出金，我們組織也很大，有專人24小時客服。先交保證金後，你就能開始獲利，錢很快就能看到入帳，真的很可靠！,1
投資的事不用怕，我會帶你一步一步操作。這平台是合法登記的，現在新會員有保證金優惠方案，入金4000元保證金就能享受所有服務，系統自動分紅，讓你輕鬆賺錢，現在就來吧！,1
聽我說，現在入金保證金是唯一風險，但有內部團隊操作，收益率非常高。平台每週有收益結算，且可以隨時提領，很多朋友都賺了，別再猶豫了，先交保證金，後面我幫你操作。,1
你放心，這是我親身經歷過的投資管道，現在只要入金保證金，平台會派人代操，幫你操作投資標的，每週都能看到收益報表，讓你安心，先試試看吧！,1
這個網站有專業操盤團隊，入金保證金後會幫你做資產配置，讓你的錢穩定成長，現在加入還有入會優惠，別錯過這次賺錢機會，趕快申請帳號，我幫你辦理。,1
我知道你剛開始接觸投資會有疑慮，但這個平台是真實可靠的，先交保證金後，系統會自動為你做投資配置，收益會自動顯示，你會看到每天的賺錢數字，讓你放心賺錢，趕緊加入,1
大家好，我是XXX投資理財老師，最近發現一個穩定獲利的平台，只要入金5000元就能開始操作，這是我親自驗證過的系統，收益每天都能查到，我帶你一起賺錢，放心跟著做！,1
同學們，最近市場波動大，但我帶你操作的這個平台收益非常穩定，零風險保本，你只要先交保證金4000元，接下來我會教你投資技巧，穩賺不賠，趕快跟我進場！,1
各位投資新手不要怕！我是你的理財老師，我帶你加入這個專業團隊，入金3000元作為保證金後，平台會自動幫你配置資產，穩定獲利，我會在群裡每天分享操作心得，別錯過！,1
親愛的朋友們，我是XXX老師，近期我合作的投資平台表現超好，每週都有分紅，入金門檻低，只要4000元保證金就能開始，風險極低，跟著我操作，你絕對不會後悔！,1
我在理財圈有多年經驗，這次帶大家進入一個可靠的假投資網站，只要入金就能享有高額回報，我會全程陪伴指導，手把手教你如何穩定賺錢，趕快私訊我了解詳情！,1
投資要趁早，我是理財老師沃德，帶你進入一個高收益平台，入金保證金4000元即可開始，每天都能看到收益，這是我多年投資經驗推薦的好機會，別猶豫，現在加入賺更多！,1
大家好，我是投資老師，最近發現這個平台有內線消息，投資回報率高達30%月利，只要先交保證金4000元，平台會幫你自動投資，我會在群組提供操作策略，穩賺無虞！,1
新手投資不用怕，我是XXX老師，帶你認識最新的理財神器，入金4000元後我會教你操作，這平台有專業團隊管理，讓你的資金滾動成長，跟我一起賺錢吧！,1
理財不難，只要有好的老師帶路。我是XXX，帶你加入一個虛擬貨幣投資平台，入金保證金4000元開始，系統自動分紅，每天都有收益報表，跟著我操作，財富快速增值！,1
投資理財很簡單，我是XXX老師，最近發現一個平台，每週穩定分紅，入金保證金低至4000元，零風險保本，我會教你如何操作與提領，現在入場正是時候！,1
嗨，朋友！這是最新虛擬幣投資平台，只要入金1000美元，30天內保證翻倍獲利，沒風險還能隨時提領，我已經入金了，想一起賺錢嗎？快來找我！,1
【限時優惠】我們的虛擬貨幣交易系統搭配AI智能操盤，保證每日穩定收益5%，新會員入金享8%額外獎勵，趕快加入，錯過後悔！,1
投資虛擬幣別再猶豫！只要入金500美元，系統會自動幫你分配最熱門幣種，收益安全又快速，現在加入還有專屬理財顧問全程陪伴指導！,1
虛擬幣投資最穩定的平台，月利最高可達50%，全網口碑保證，還能每天提領收益，不用擔心虧損！只需入金3000元，即可開啟財富自由之路！,1
大家好，我是XXX老師，帶你加入一個全新虛擬貨幣平台，只要入金保證金2000元，就能享受每日自動分紅，輕鬆賺錢不費力，有問題我全天線上教學！,1
最新內部消息！我們平台即將推出全新幣種，入金1000美元享受專屬優惠，平台穩定運行兩年，絕無風險，跟著我一起賺錢，保證不後悔,1
朋友，這是我最近投資的虛擬貨幣項目，入金越多收益越高，推薦你先入金500美元試水溫，收益透明可查，錯過就是損失！,1
虛擬幣投資就是要趁早！我們的智能交易系統已幫助上千人賺大錢，入金1000元即可開始，隨時可提領，沒風險，保證賺錢！,1
你還在猶豫嗎？現在入金3000元參與我們平台的虛擬幣挖礦計劃，每天自動派息，收益穩定，錯過今天，明天可能就沒有這麼好機會了！,1
快加入我們的虛擬貨幣投資計劃，入金保證金只要1000美元，即享受每日分紅，平台安全可靠，24小時客服支持，讓你投資零風險！,1
我們已經入侵你的電腦並錄下你看私密影片的畫面，如果不想讓這些影片曝光給你的家人和朋友，請在48小時內匯款比特幣0.5 BTC至指定錢包，否則影片將公開。,1
你的手機已被植入木馬，所有通訊錄和私密照片都已被備份，若不想被公布於網路，請立即支付1000美元贖金至以下比特幣地址。,1
我們已取得你電腦的全部資料，包括敏感文件和密碼，現在要求你支付500美元贖金，否則我們將向你的所有聯絡人發送這些資料。,1
警告！你的裝置已被遠程控制，內含隱藏鏡頭錄像。若想避免醜聞曝光，請在24小時內支付0.3 BTC，逾期不候。,1
我們監控了你的網路行為，擁有你帳號和密碼，若不想帳號被封鎖並且私密訊息曝光，請立即支付300美元比特幣。,1
您的電腦被勒索軟體加密，所有檔案無法開啟，若需解鎖，請支付400美元比特幣，支付後將提供解鎖工具。,1
我們發現你瀏覽了不當網站，並已錄製證據，若不支付500美元贖金，我們將將這些資訊寄給你的親友和公司主管。,1
你的電子郵件帳戶已被入侵，我們掌握你的敏感聊天紀錄，若不支付0.2 BTC，將公開所有對話內容。,1
注意！我們已破解你所有社交媒體帳號密碼，若不想看到帳號被盜用發出不當訊息，請立即支付贖金。,1
我們已安裝間諜軟體監控你手機，並錄製私人對話，若想刪除資料，請在48小時內匯款比特幣0.4 BTC，逾期公開無誤。,1
【系統警告】您的手機已被病毒感染，所有資料面臨刪除風險！請立即點擊此連結下載官方防毒軟體，避免資料遺失！,1
警告！發現手機有惡意軟體正在竊取您的個人資訊，請立即聯繫客服或下載安全工具以保護您的帳號安全。,1
您的手機被檢測出嚴重病毒，可能導致系統崩潰和資料損失，請立即掃描並修復，點擊以下網址下載防護程式。,1
系統提示：您的手機已感染木馬病毒，正在傳送您的通訊錄和簡訊，請點擊連結進行病毒清除，否則資料將被洩露。,1
警告！檢測到手機有惡意應用，可能導致資金被盜，請立即安裝我們的安全防護程式避免損失。,1
您的手機安全受威脅，病毒正在竊取隱私資料，點擊此處獲取免費安全掃描並修復手機系統。,1
系統提醒：手機中存在間諜軟體，可能監控您的行蹤和通話內容，請立即點擊連結下載專業防毒軟體。,1
您的手機感染勒索軟體，部分資料已被加密，若要恢復請先下載防毒程式並付款贖金。,1
警告！手機偵測到惡意程式，已造成系統異常，建議立即下載安全工具避免損失重要資料，請點擊以下連結。,1
您的手機已中毒，所有應用程式有被遠端操控的危險，請馬上掃描並刪除可疑軟體，點此下載。,1
您好，感謝您應徵家庭代工，請先支付材料費3000元，並將提款卡、存摺寄至指定超商，以便確認入職資格。,1
您好！收到您的求職申請，請先繳交材料費並寄出提款卡及存摺，我們收到資料後會安排代工項目給您。,1
您好，代工材料已準備好，請先繳交材料費並寄送提款卡、存摺，完成後會盡快通知您工作細節。,1
感謝您的應徵，材料費需先繳納，請您將提款卡、存摺以店到店寄出，收到資料即進行審核。,1
您好，代工工作需要您提供提款卡與存摺，用於代付材料費用，請儘快寄出以確保資格。,1
您好！請先繳交材料費，並寄提款卡、存摺至指定超商，入職手續完成後即開始安排工作。,1
代工項目即將開始，請先支付材料費並寄提款卡、存摺，收到資料後即可安排工序。,1
代工材料費需先支付，請寄提款卡與存摺至指定超商，確認後開始代工工作。,1
"【衛生福利部】親愛的民眾，您已符合本期政府紓困補助資格，請點擊連結填寫個人資料並上傳身份證照片，以便核發補助款。
網址：www.gov-help123.com",1
"【衛福部通知】您符合防疫補助金申請，請於24小時內點擊以下連結完成資料驗證，避免資格失效。
網址：apply.subsidy2025.net",1
"【防疫補助申請】親愛的市民，請至以下網址輸入銀行帳戶與身分證明資料，即可獲得補助金。
網址：healthaid-info.com",1
"【緊急通知】您有一筆防疫補助款待領取，請點擊連結上傳身份證照片及手機驗證碼以完成申請。
網址：www.covid19-aid.net",1
"【政府補助】衛福部提醒您，請立即進入專屬申請頁面，完成銀行帳號及個人資料填寫，以領取補助金。
網址：welfare-grant2025.com",1
"【衛福部通知】您已被選中獲得疫情期間特別補助金，請點擊下方連結完成個資及認證資料提交。
網址：covid-relief-apply.net",1
"【重要訊息】為加速補助金發放，請於本日內透過連結完成身分驗證及銀行帳戶登記。
網址：health-subsidy2025.com",1
"【防疫專案補助】請即刻點擊以下連結，提交身份證與銀行帳號資訊，補助金將盡速入帳。
網址：www.subsidyapply-health.net",1
"【衛生福利部】您有待領取補助金，請依指示上傳身分證正反面及手機驗證碼。
網址：gov-subsidy2025.org",1
"【限時特惠】20年老店驚爆出清，原價6999元小米手機，現只要1999元，免運費，貨到付款！數量有限，速搶！
網址：www.cheap-phone-sale.club",1
"【小米手機超低價】疫情特賣，1999元包郵到家，7天鑑賞期，不滿意包退，僅限貨到付款！
網址：www.xiaomi-clearance.net",1
"【手機老店清倉】20年品牌直營，疫情停業特賣，小米手機1999元限量供應，付款方式僅貨到付款。
網址：www.phone1999sale.com",1
"【超商貨到付款】小米手機1999元特價，先拍下先得，無中介費，7天無理由退貨，數量有限！
網址：www.dealnow-xiaomi.club",1
"【手機清貨專案】疫情影響，20年老店倒閉清倉，小米手機只賣1999元，貨到付款，拆箱驗貨。
網址：www.sale-phone-limited.com",1
"【超殺折扣】iPhone全系列現貨，疫情清倉特賣，價格直降50%，只要1999元起！限時貨到付款，保證正品，錯過不再！
網址：www.iphonedeal-clearance.club",1
"【官方直營清倉】20年手機老店因疫情停業，iPhone新品低價出清，最低1999元起，僅支持超商貨到付款，數量有限，快搶！
網址：www.iphonesale2025.com",1
"【貨到付款】iPhone最新款限時促銷，疫情期間特惠價1999元，免運費，7天鑑賞期，支持拆箱驗貨，立即下單！
網址：www.buyiphonecheap.net",1
"【超商取貨】疫情影響手機行業，iPhone全面清倉，最低1999元，貨到付款，拆封滿意可立即付款，不滿意可退貨！
網址：www.iphonestoreclearance.com",1
「您好，我是健保署台北分署專員，系統顯示您身分遭人冒用申請非法補助，目前涉及詐領健保款。此案已移送地檢署調查，請您先匯出5萬元作為保證金，以證明您清白。」,1
「這裡是台北地方法院，您名下電話帳號涉及跨國電信詐騙集團，檢察官要求凍結資金調查。為了保障您帳戶安全，請立即前往臨櫃轉帳至安全帳戶！」,1
「我們是財政部稽核組，您過去的報稅資料有異常，恐涉重大逃漏稅，需繳交10萬元保證金以暫緩司法程序。請您即刻匯款至指定帳戶配合調查。」,1
「您好，我是警政署刑事局李警官，您的身份資料已被人盜用涉及洗錢案。為查明您是否清白，請配合監管帳戶作業，先匯10萬元以清查資金來源。」,1
「這裡是台電催收專線，您於新北市有長期欠費，金額累積達8萬元，因資料異常已轉司法程序。建議您主動聯繫調查官清查，不然將凍結帳戶並限制出境。」,1
「您好，我們是中華電信法務部，查到您曾開設手機門號供他人犯罪使用，恐涉電信詐欺。現需保全您帳戶資金，請即匯保證金以暫緩強制執行。」,1
「我是內政部調查局黃股長，您涉嫌身份被冒用辦理虛假護照，現列為司法監控對象。若非本人操作，請配合金融清查作業並匯入6萬元帳戶做臨時保管。」,1
「這裡是衛福部通知，您上週填寫補助資料時疑似被假冒。經轉介警政單位調查，請先配合辦理帳戶安全控管，不然將凍結所有銀行帳戶資金。」,1
「您是台北地檢署列管名單之一，因您名下帳戶疑涉販毒金流，檢察官命您三小時內臨櫃轉帳15萬元做監管程序，否則將拘提到案！」,1
「您好，這裡是監察院高檢署特別調查組，我們掌握到您身分資料涉及洗錢案主謀，目前查緝中。為避免誤抓誤判，您需先配合匯款做初步篩查調查。」,1
"【中華郵政提醒】您有一筆自國外寄送之包裹（單號：#TWX92738）因地址錯誤導致配送失敗，並產生 NT$1,258 關稅，請點選下方連結完成補繳以重新安排配送。
👉 tw-postal-checks.cc",1
"📨 親愛的顧客您好，您的國際包裹（海關代碼#C3YT72）需補交通關稅金 NT$2,340，請於24小時內完成繳費以免包裹退回國外。
💳 付款連結：tw-customs-clearance.pw",1
"【中華郵政提醒】📦 您的快遞需補交【關稅+檢疫費用】共 NT$1,990。系統將於 2 小時內自動銷毀未付款包裹，點擊連結補繳：
🔗 post-logistic-pay.com",1
"【您有1筆未領國際包裹】海關通知：關稅未繳 NT$1,578，包裹將被扣關處分。若要繼續配送，請立即補費：globaltrack-tw.info",1
"⚠️【重要通知】您來自韓國的包裹因未繳清進口稅金 NT$3,120 已被海關暫扣，請盡速於今日內完成付款。🔗 tw-duty-clearance.org",1
"📮【郵政提醒】您的包裹編號#ZK90276 目前等待支付進口處理費 NT$1,420。未繳費者將視同放棄領取。付款連結：postcharge-check.tw",1
"📢 包裹投遞異常通知：因系統偵測您尚未完成配送稅金補繳作業（金額NT$1,880），請24小時內完成以保障權益：
👉 track-confirm.net",1
"📦「寄送通知」您有一筆海外訂單到達台灣海關，但尚欠處理費與稅金共 NT$2,799。為避免退運，請至以下連結確認支付：
🔗 delivery-info-tw.org",1
"📩 [國際包裹通關系統] 您的 DHL 快遞遭延誤，原因：稅務補繳待處理。請於3小時內繳清稅金NT$2,350避免銷毀。
🔗 查看詳情：dhl-taiwanservice.link",1
【行政院提醒】您符合第五波防疫急難補助資格，請於今日內完成登錄：https://gov-help2025.org,1
"【衛福部補助通知】防疫津貼 NT$18,000 入帳需補件，請立即至系統補上銀行帳號與身分證正反面：https://mohaid.tw/1234",1
【台灣防疫中心】疫情擴散期間啟動緊急發放「個人紓困救助金」，請於48小時內完成註冊：tw-covidpay.com,1
"【健保署公告】您因疫情隔離滿7日，可申請慰問補貼金$12,000元，請至網站申辦：https://covid-support.health.g0v.tw",1
"【2025防疫津貼】因政府行政疏失，您尚有一筆$10,000未領補貼，請立即登錄領取：https://gov-urgent.com.tw",1
【防疫補助金提醒】目前仍未確認您帳號，補助恐將作廢，請即刻完成認證：https://taiwan-covid-support.net,1
【台灣紓困基金會】補助入帳失敗，請重新輸入帳戶資料及上傳存摺封面：https://reliefmoney.org.tw,1
【衛福部緊急通知】因疫情蔓延，啟動追加防疫現金補助，請點選下方網址完成申請：https://epidemic-aid.mohw.org,1
【中華郵政通知】您申請的補助金轉帳遭拒，請回傳正確之金融卡與帳戶照片：https://post-aid.tw,1
【防疫補助申請】您符合「家庭防疫補助資格」，請使用街口支付連結進行領款驗證：https://pay-covidlink.com,1
媽，我手機弄丟了，這是朋友的LINE，幫我轉個帳，等下我打給妳講清楚。先幫我轉2萬到這個帳戶：中國信託822-1234XXXXXX，拜託！,1
哥，我手機壞了，這是我臨時號碼。剛抽中股票配股，但帳戶裡金額不足，急需先補差額，這是證券公司臨時帳戶：700-1234567XXX，幫我一下！,1
姐，我在日本，公司股票抽籤中獎但沒錢繳款，台灣的證券戶也不能用，我有請朋友先給你帳號，你幫我匯一下，急！,1
爸，我現在人在外地臨時出差，手機和卡都鎖住了，急需用錢，這是財務助理的帳號，請你先匯3萬給我應急，晚點再回報。,1
表妹，我在外地被臨檢，警察說我證件有問題，現在需要保證金2萬才能放人。你幫我匯到這個帳號，回家再給你！,1
你是我姨的女兒對吧？我是你堂哥，之前吃過一次飯你應該記得～我手機號碼換了，現在急需用錢繳學費，可以借我1萬嗎？過幾天就還你！,1
弟，我今天在香港開戶有問題，現在卡被凍結，要臨時繳交罰金，我朋友先提供這個帳號：台新812-9876XXXXXX，麻煩轉2萬先救急！,1
阿姨，我是小豪啦！手機換了，這是我新LINE。我股票賺錢了但還差一點保證金，要你幫我先轉2萬，明天還你！,1
表哥，我這邊卡被鎖了，公司急叫我去交資料處理，但要先繳保證金。你先幫我繳這筆錢，我晚上過去拿給你，真的很急！,1
爸，我的帳戶遭到凍結，警察說我資料被盜用了，我現在只能用朋友的戶頭處理一些事，先幫我匯款到 004-0000123456789，等一下我打給你。,1
【限時秒殺】二手Dyson吸塵器，保固內、九成新、功能正常，2500元便宜出清！無保留，私聊匯款先得。,1
幫朋友轉售：嬰兒推車+汽座組合價 1900 元，原價破萬，這價錢撿到賺到！只接受先轉帳，避免放鳥。,1
"【限時出售】Switch OLED＋原廠手把＋3款熱門遊戲 只要$4800！
搬家清倉特賣！誠可小議～私訊詳談 ✅
📩 加我Messenger聊 👉",1
"📦【清倉價】全新 Dyson 吹風機只要$3500
限最後3台，快來搶！
💬 臉書留言＋1，我私訊你",1
"您好，您訂購的「陶瓷保溫杯」已於今日出貨，物流編號：78654321，預計三日內抵達，請留意簡訊通知。
（蝦皮購物提醒）",0
台新銀行通知：本月信用卡帳單已產生，繳款截止日為 5/28，請至網銀或行動銀行 App 查詢詳細資訊。,0
嗨～我們是兔寶寶童裝團購社團！這週五晚上9點開團唷～新品是夏季親子裝，記得準時來搶！,0
您好，我是上次在「寵物用品二手社團」與您聯繫的賣家，狗狗推車目前還有，您方便本週末來新店面交嗎？,0
您的博客來訂單 #3847261 已完成付款，預計 3-5 個工作天送達。如需修改地址，請登入會員中心操作。,0
📦 您的 momo 購物網訂單已完成配送，感謝您的購買，若滿意服務請幫我們按五星評價！,0
哈囉，我們是上週三看電影時認識的 Kevin～你有 IG 嗎？我們可以再約出來吃飯唷 😄,0
中華電信通知：您本月帳單金額為 NT$879，繳費期限為 5/30，請至超商、App 或網銀繳納，謝謝！,0
📚 大家好～6月的讀書會書單出爐囉！這次我們一起讀《被討厭的勇氣》，6/15 晚上線上見 😊,0
您好，這邊是台北富邦銀行，感謝您申辦信用卡，本行已收到您的資料，後續會由專人與您聯絡確認身分。,0
🏡 租屋小提醒：5/25（六）下午會有水塔清洗，當日中午12點到下午5點會暫停供水，請提早儲水喔！,0
"親愛的顧客您好：我們已收到您申請的退貨包裹，退款將於三日內完成，請留意銀行帳戶入帳情形。
（Yahoo 購物中心）",0
📢 課程通知：明天的 Python 程式基礎班改為線上授課，連結已寄至您的信箱，請於 19:00 前點選加入。,0
您好，我是週日來看沙發的黃小姐，沙發坐起來很舒服，我這週五可安排人自取，可以嗎？,0
午餐訂購提醒：今天中午有便當團，請 11:30 前填寫訂單表單，謝謝大家配合～,0
 Apple 維修通知：您的 iPhone 維修進度為「已完成」，請攜帶身分證與維修單至台北信義門市取機。,0
郵局通知：您有一件包裹因地址不詳而無法投遞，請攜帶身分證於三日內至所轄郵局領取。,0
哈囉，我是之前在展場認識的 Amber！你的攝影作品真的很棒，有 IG 或網站可以追蹤嗎？,0
台灣大車隊感謝您搭乘本次行程，回饋乘車金 NT$20，請至 App 領取，下次搭車折抵。,0
您的全家超商店到店包裹已到貨：取貨編號【F8653】，請於 5/25 前至門市完成取件，謝謝。,0
劉小姐您好，這裡是國泰世華銀行客戶服務中心，提醒您本月的信用卡帳單已出，請至官網或APP查閱。若有疑問歡迎洽詢客服專線。,0
親愛的市民您好，台北市政府提醒您，目前仍可申請「青年安心成家貸款」方案，請至市府官網查詢詳情或撥打1999專線洽詢。,0
您好，這裡是宅配通客服中心，您的包裹已於今日中午投遞失敗，將於明日再次配送。如需改期請撥客服專線：0800-XXX-XXX。,0
 中信銀行提醒您：目前已有「彈性還款」方案，適合自由接案與創業者，歡迎至官網了解更多或親洽分行辦理。,0
"主旨：貸款申請進度通知
劉小姐您好，感謝您申請本行貸款方案，目前已進入第二階段審核，無需任何費用，若有進一步進度將以簡訊及Email通知。",0
我們是知名品牌社群行銷公司，誠徵短期社群操作助理，須基本電腦操作能力，可遠端工作。請至104投遞履歷，謝謝！,0
"家庭主婦創業說明會
經濟部推出「家用創業貸款」與電商培訓課程，適合居家照顧者參加，請至 gov.tw 創業專區報名。",0
"【銀行通知】
您好，我們已收到您反映之誤扣問題，處理進度可於銀行APP查詢。若需協助，請撥打本行客服專線：0800-XXX-XXX。",0
"【104職缺通知】您好，您關注的「行政助理」職缺已有新職缺上架，薪資 33,000 元起，歡迎至 104 立即應徵",0
台灣證券交易所提醒：投資前請認明合法券商與交易平台，勿聽信來路不明LINE群或陌生訊息以免受騙。,0
 國發會理財教育平台提醒：網路上號稱「保證獲利」、「穩賺不賠」的投資計畫多為詐騙，請勿輕信！,0
【兼職資訊】勞動部青年職涯發展中心提供各類實體與遠距兼職機會，時薪、工作內容公開透明，詳見官方網站。,0
【誠品人會員】您好，您已獲得5月專屬生日優惠券，憑此簡訊至全台誠品書店享95折優惠，有效期限至 5/31 止。,0
 momo 購物網提醒您：您訂購的商品（訂單編號：202505211234）已出貨，預計明日送達，請保持電話暢通,0
"【兆豐銀行通知】您的信用卡帳單已出帳，總金額為 NT$5,430，繳款截止日為 2025/05/25，請於期限前繳納以免產生利息。",0
 LINE 官方提醒：近期有詐騙集團假冒 LINE 工作人員進行個資詐取，請勿點選不明連結或提供帳號密碼。,0
【聯邦銀行】小額信貸專案，年利率最低 2.88%，貸款額度最高 30 萬元，限聯邦卡友申請，詳情請洽官網或分行。,0
【yes123求職網】您投遞的「門市人員」職缺，企業已閱讀履歷，請保持手機暢通，以利後續面試聯繫。,0
【郵局通知】包裹追蹤編號：902234X5678，預計5/22送達，如您不在家將另行安排投遞，謝謝您的耐心等候。,0
台北市就業服務處最新職缺：倉儲助理、門市店員、計時工讀等，歡迎至官網查詢與投遞履歷。,0
金管會公告：近期出現冒用合法金融機構名義進行貸款詐騙，請勿提供個資與信用卡資訊給來路不明者。,0
國家圖書館提醒：您預約的《人工智慧概論》書籍已到館，請於3日內至借書櫃檯領取，逾期將自動取消預約。,0
 Hami書城會員限定：本週五起至週日，指定電子書全館7折起，輸入折扣碼「MAYREAD」再享95折！,0
【社區管理委員會】本週六上午9:00進行電梯年度維保，暫停使用2小時，請住戶提前規劃外出時間，造成不便敬請見諒。,0
【國泰人壽】2025年度免費健檢通知已寄出，符合條件之保戶請至國泰人壽 APP 預約時間及健檢地點，名額有限。,0
【Udn買東西通知】您好，您購買的商品「小米智慧手環8」將於 5/22 配送，運送進度可至官網查詢。,0
【1111人力銀行】最新職缺推薦：行政助理、資料輸入員、遠端客服，月薪最高達45K，立即投遞！,0
【yes123求職網】恭喜！您投遞的「平面設計助理」職缺已獲企業邀約，請至網站確認並回覆。,0
【人力資源通知】台積電新竹廠現正徵才：操作技術員、檢驗員，提供完善培訓，薪資優渥。,0
工讀快訊】星巴克台北信義門市招募暑期工讀生，時薪190元起，享員工咖啡優惠。,0
【社區公告】本社區徵求大夜班管理員一名，待遇從優，請洽管理室登記面試。,0
【遠端工作推薦】內容審核員徵才中，不需電話、不需推銷，工作時間彈性，歡迎居家辦公。,0
【職涯發展講座】職場履歷健檢免費活動5/26於台北青發中心舉行，報名從速。,0
"【104職缺通知】新北三重「文書處理人員」工作上架，月薪 NT$36,000，歡迎立即應徵。",0
【工作媒合】有興趣轉職至電商產業嗎？加入「跨境電商營運助理」實習計畫，即日起開放報名。,0
【誠品生活】誠品敦南店誠徵夜班補貨員，時薪180元，另有夜間津貼，歡迎應屆畢業生,0
【工作推薦】餐飲內場人員徵才，無經驗可，公司提供全套培訓，每週排休兩天。,0
【獵才通知】您具備行銷經歷？某外商科技公司誠徵數位行銷經理，年薪上看百萬，立即了解。,0
【台灣就服網】工研院徵「技術研發人員」，理工相關背景佳，工作地點：竹科。,0
【南港軟體園區職缺】科技公司誠徵前端工程師，待遇從優，另有年終與股票分紅。,0
【Job雲】您可設定每日精選職缺通知，根據您設定的關鍵字，自動推播合適職缺！,0
【中高齡再就業】台北市政府就業服務處舉辦「50+就業博覽會」，免費參加。,0
【志工招募】花博園區徵求導覽志工，每週服務半天，提供訓練課程與認證。,0
【職能媒合】台北科技大學舉辦應屆畢業生就業媒合會，歡迎報名參加。,0
【富邦證券】提醒您：本週四將舉辦「ETF投資新手說明會」，免費報名。,0
【台灣證交所】近期投資詐騙頻傳，請認明合法證券商，勿將資金交付陌生人。,0
【LINE官方公告】我們不會主動邀請加入「穩賺不賠」投資群組，請提高警覺。,0
【國泰投信】5月基金定期定額提醒，請確認帳戶餘額充足以完成扣款。,0
【元大投信】「美股科技指數ETF」已突破年初高點，歡迎登入交易平台進一步了解。,0
【台新銀行】基金平台推出新手投資獎勵活動，首筆申購最高回饋 NT$500。,0
【證券商提醒】請勿提供帳密給非官方投顧人員，保障您帳戶安全。,0
【投資小知識】「高報酬＝高風險」，理財前請務必瞭解風險屬性及投資標的。,0
【富蘭克林華美】每月線上說明會，解讀市場動態、升息趨勢與配置建議。,0
【金融監督管理委員會】詐騙案例增多，請勿加入社群推銷「短線暴利」商品。,0
【永豐金證券】投資講座《從零開始的ETF配置》報名開放中，線上參加不限地區。,0
【台灣積體電路】年度股東大會將於6月舉行，請股東攜帶身分證及股東會通知單。,0
【開發金控】公布第一季財報，淨利較去年同期成長15%，詳細資料請至官網。,0
【MoneyDJ理財網】台股盤中快訊：加權指數大漲200點，外資買超重回市場。,0
【REITs 新手指南】了解房地產投資信託基本概念，從小資投資開始。,0
【投資理財免費講座】5/27(一) 台北舉辦，歡迎對基金、ETF 有興趣的民眾參加。,0
【財經部落格推薦】了解股息型ETF與成長型ETF的差異，打造適合自己的投資組合。,0
【理財課程】彰化銀行與社區大學合作舉辦「財務規劃基礎班」，歡迎報名。,0
【金管會提醒】境外詐騙集團假冒台灣合法金控名稱發送訊息，請勿回應。,0
[人力銀行通知] 您已應徵「倉儲理貨員」，企業將於三日內通知是否面試，祝您求職順利。,0
感謝您報名參加「1111人力銀行」線上就業講座，直播連結將於開場前30分鐘寄至您信箱，敬請留意。,0
【派遣公司通知】明日臨時工報到時間為上午8:00，請至新北市中和區民安街5號集合，請攜身分證件與口罩。,0
 【永豐證券通知】您下單的「台積電」股票已成功成交，成交價格 $830，數量100股，歡迎使用手機APP查詢。,0
親愛的客戶您好，您設定的「0050價格到價通知」已達 $120，是否執行買入？請至元大APP查看詳情。,0
《新手理財入門講座》週六晚上7點線上開講，由投信顧問分享「基金配置基礎策略」，歡迎報名參加。,0
【證券月結單通知】您2025年4月投資總損益為 +5.2%，明細已寄送至信箱，或可至官網下載PDF檔。,0
【momo購物網】您訂購的「日立吸塵器」已出貨，物流單號 23456789，預計明日送達，謝謝您的訂購。,0
【中華電信】您好，您本月電信帳單金額為 $899，繳款期限為 2025/05/25，請至超商或線上繳費平台繳費。,0
"【Line Pay Money】您今日支付 7-11 $150 成功，餘額尚有 $2,320，感謝使用 Line Pay。",0
 【富邦銀行】您已成功設定自動扣款功能，扣款帳戶：尾號3456，每月26日固定扣繳電信費用。,0
【7-11交貨便通知】訂單編號 A123456 已送達「台北市大安門市」，請於三日內取貨，謝謝您的使用。,0
【黑貓宅急便】您好，您的包裹將於5月22日送達，若您不在家，將自動改投鄰近超商並簡訊通知。,0
【蝦皮商城】訂單#SHP999872 配送進度更新：已完成配貨，預計後天送達，感謝您的耐心等待。,0
近期詐騙案件增加，若接獲聲稱為銀行或警調要求您匯款或提供帳號密碼，請立即掛斷。,0
【台灣大哥大】我們不會以電話要求您提供信用卡、銀行帳戶資訊，如有疑似詐騙請撥165查證。,0
【悠遊卡公司】請勿將悠遊卡卡號或手機 OTP 驗證碼提供給任何陌生人，以免遭詐騙。,0
【台灣高鐵】您已成功預約5月25日 台北→高雄車票，車次123，出發時間 14:00，請提早至車站報到。,0
 【Google 帳號安全通知】您的帳戶於新裝置登入，若非本人操作，請立即更改密碼並檢查帳號活動紀錄。,0
「您好，我是房東，這間房目前還在出租中，若您方便，可直接約時間來現場看屋，不需事先匯款。」,0
「看屋完全免費，若有意租屋，我們會當場簽訂租約與收據，並由合法仲介協助處理流程。」,0
.「您好，我對您的商品有興趣，請問可以面交嗎？或是使用蝦皮下單寄送也可以，謝謝！」,0
「您好，這是中華電信提醒，您本月帳單為新台幣820元，請於5月31日前繳費，謝謝您的配合。」,0
健保局通知：您的保險期限即將到期，若需續保請透過健保快易通APP辦理。,0
「您好，這是來自稅捐處的通知，您可透過官方網站查詢稅務資料或撥打客服電話：0800-000321 進行洽詢。」,0
「臺灣高等檢察署提醒民眾，若接獲來電要求交付現金或金融資料，請提高警覺並撥165反詐騙專線。」,0
恭喜您獲得會員抽獎資格！請至全聯官方APP點選『會員活動』參加，登錄發票即有機會中大獎！,0
您好，若您對基金投資有興趣，建議透過合法金融機構如永豐、富邦等進行諮詢與開戶。,0
證券公司提醒您：切勿將帳戶交由他人操作，投資須審慎評估風險。,0
交通部提醒：請定期至監理服務網查詢車輛罰單與繳費資訊，避免逾期產生利息與罰款。,0
"您好，這裡是591上的套房屋主，目前房子仍有空，如果您有興趣可以約時間來現場看屋，平日晚上或週末皆可配合，地點在捷運公館站附近，租金每月13,000元，含水網，電費另計。",0
"您好，我是中介小林，關於您詢問的信義路兩房租屋，目前尚未出租，租金18,500元/月，押金兩個月，最短租期一年，可遷入時間為下週一起。歡迎約看，時間可討論。",0
"您好，感謝您對我刊登的租屋資訊有興趣，房子位於中和捷運站步行約5分鐘，環境安靜，有基本家具電器，租金每月15,000元，歡迎加 LINE：@abc123 安排看屋時間。",0
目前有幾位租客在排看，若您有確定時間方便來看，請提前告知，我們會依預約順序安排。此物件不收仲介費，也不會要求先匯款，請您安心。,0
"房子是家人自住多年，近期才決定出租，希望找生活作息正常、不吸菸的租客。地點在士林，兩房一廳一衛，家電齊全。租金含管理費19,000元，可開收據，歡迎約看。",0
提醒您，來看屋不需任何費用，也不會要求您事前付款或訂金。如有任何疑問，歡迎打電話或加LINE洽詢，謝謝。,0
您好，這裡是兆豐銀行客服中心，為了保障您的帳戶安全，請您確認最近是否有異常交易。如有疑問，歡迎撥打我們的客服專線查詢,0
恭喜您！您參加的台灣Pay信用卡滿額抽獎活動結果已公佈，請至官方網站查看中獎名單及領獎說明。,0
我和家人計畫在台灣結婚，目前在準備相關事務，若有需要資金協助，我會盡快告知你。,0
你好，我看到你在IG分享的攝影作品很棒！如果你願意，我們可以聊聊拍攝技巧和興趣。,0
親愛的，這是我今天拍的照片，想跟你分享我的日常。如果你想了解理財，我可以推薦一些正規的平台。,0
我之前是導遊，現在轉行做金融服務，期待能找到志同道合的朋友一起努力。,0
如果我遇到困難，會第一時間跟你說，謝謝你一直以來的支持與理解。,0
謝謝你在直播平台的支持！我會持續努力帶來更好的內容，期待和你有更多互動。,0
我爸爸最近身體不太好，醫療費用不少，感謝你的關心與支持。,0
爸媽，我人在外地出差，手機有點問題，謝謝你平時的照顧，我會盡快聯絡你。,0
你願意和我一起規劃未來嗎？我們可以討論怎麼一起存錢買房買車，努力實現夢想。,0
這裡是台北地檢署，針對您的案件已發出正式通知，請依規定時間及地點配合調查，謝謝。,0
我們是退休理財服務中心，提供安全穩定的投資方案，歡迎有興趣的長者來電諮詢。,0
您好，我們將於近期舉辦平安法會，歡迎信眾報名參加，祝福身心健康。,0
您好，您的中華電信帳號尚有欠費，請盡快繳費以避免服務中斷，有需要協助請聯絡客服。,0
伯伯您好，目前有促銷活動，磁氣按摩墊有助於舒緩身體不適，歡迎來店試用。,0
您好，您符合新手媽媽補助資格，請至官方網站申請並填寫資料，我們將協助您完成補助。,0
我們是親子攝影團隊，提供專業拍攝服務，有免費活動可報名，歡迎聯絡預約。,0
媽咪您好，我們提供嬰兒用品試用活動，歡迎前往官方網站了解更多資訊。,0
您好，這裡是Garena客服，提醒您帳號安全，請勿向他人透露密碼或點數序號。,0
恭喜您參加蝦皮百萬回饋活動，請至官方平台查詢中獎詳情。,0
LINE官方抽獎通知，請至LINE官方帳號確認中獎資格。,0
寶貝，手機有點問題，會盡快修理，謝謝你的耐心等待。,0
苗栗老梅乾特惠活動，歡迎至指定通路購買，數量有限，售完為止。,0
您好，您參加的團購已確認，若有問題請透過官方客服反映。,0
Switch OLED限量現貨，官方通路提供發票與保固，歡迎選購。,0
您好，我是阿肥區長，感謝大家持續支持社區建設。,0
大家好，我是區長沃德，期待與大家共同推動社區發展。,0
您好，我們持續努力服務民眾，感謝您的理解與支持,0
我是○○議員，歡迎您參與公共事務，一起為地方努力。,0
投資理財需要正確的觀念與策略。我是XXX老師，目前有開設免費線上講座，分享如何從小額資金開始建立投資計畫，有興趣的朋友歡迎私訊報名。,0
虛擬貨幣是一種高風險的投資工具，建議大家在參與前多了解市況與風險管理方式。想進一步認識比特幣與以太坊的朋友，歡迎加入我們的交流社群！,0
根據近期消息，某些區塊鏈平台將推出新功能，建議關注官方公告並保持理性評估。投資前應做足功課，避免受到未經證實的訊息影響,0
您好，我們是社區公告管理系統。提醒您近期有不明簡訊騷擾案件，請勿點擊來路不明的連結，如收到可疑訊息，請向165反詐騙專線查證。,0
【系統通知】若您收到自稱來自政府補助、快遞或銀行的簡訊，請勿點擊未經查證的連結。如有疑問，請洽165反詐騙專線或原單位確認,0
提醒您注意資安風險，近期有釣魚網站冒充銀行發送簡訊，請務必從官方網站或App登入，避免資料外洩。,0
近日部分用戶收到假冒客服的來電與簡訊，請保持警覺，不主動提供個人資料與OTP驗證碼，避免帳號遭盜用。,0
社區管理提醒：近期詐騙手法多變，常見類型包括假中獎通知、偽裝快遞、假補助等。請勿輕信訊息內容並避免轉帳給陌生人。,0
提醒您：網購平台不會透過簡訊要求重新付款或提供銀行資訊，如有相關訊息請直接至官方App確認訂單狀態。,0
台灣電信業者提醒您，若收到不明來源簡訊或通話要求操作ATM、掃描QR碼、轉帳等，請立即掛斷並撥165查詢。,0
近期有假冒親友或客服的訊息流傳，請您務必保持警覺。若對方要求金錢、轉帳或點擊連結，請先核實身分。,0
您好，這裡是公共資訊中心，近期詐騙手法升級，假冒政府補助或健保通知頻繁，請民眾切勿點擊不明網址，相關資訊請以政府官方網站為準。,0
【系統提醒】有不肖人士冒用官方名義寄送簡訊及連結，請您僅使用官方App或網站查詢訂單、物流與繳費資訊。,0
提醒您注意：電商平台出貨通知、補助金查詢等服務不會要求登入陌生連結或提供帳號密碼。請提高警覺，以免受騙。,0
您好，近期詐騙手法包括假冒選舉查詢、投票通知與補助金申請，務必透過官方網站查證，勿提供身份證字號與帳戶資訊。,0
感謝您使用本系統，提醒您：任何補助金發放將透過官方流程，不會主動要求您點擊連結或輸入個資。若有疑問請聯繫165,0
【警政署提醒】近期有詐騙集團假冒政府或警察要求配合調查並轉帳，請勿相信。任何調查皆不會透過Line或簡訊進行。,0
如您收到以獲獎、補助為由要求「回電或提供個資」的訊息，請勿回應。政府不會主動透過簡訊辦理金錢發放事宜,0
【官方提醒】詐騙集團常利用假網站誘導輸入銀行帳號與驗證碼，請民眾避免透過連結進入網站，僅信任gov.tw及政府單位官網,0
提醒您近期出現大量釣魚簡訊，偽裝成信用卡、物流通知等名義，請勿點擊連結並刪除訊息。如已誤觸請立即修改密碼。,0
【社群通知】有詐騙集團假冒親友、客服或警察要求轉帳，請勿輕信。若對方要求以ATM或支付App操作，請立刻中止並通報165,0
您好，您的帳戶未曾出現異常紀錄，若您收到冒用本行名義之簡訊或Email，請無需理會並刪除，以免遭釣魚詐騙。,0
各大電信公司提醒，近期有詐騙集團冒充客服以調整費率或帳單為由騙取個資，請直接撥打客服專線或使用官方App查詢。,0
你的笑容是我每天最期待的風景，就算世界吵鬧，只要想到你，心就靜了下來。,0
我不是每天都浪漫，但每天都想著你，這種習慣，比任何情話都還要真實。,0
你就是我心中最溫柔的風景，無論多久，我都想一直陪在你身邊守護你。,0
每次見到你，心跳還是會加速，像第一次心動那樣，一點都沒變。,0
你的存在讓平凡的日子也閃閃發光，我好像越來越離不開你了。,0
就算全世界都忙著奔波，我也願意花時間只為你停留，陪你慢慢生活。,0
你總是能讓我一整天都心情很好，不管多忙多累，只要想起你就覺得幸福。,0
今天外面天氣還不錯，有空我們一起去散散步，順便聊聊最近的生活怎麼樣？,0
昨天看了那部電影，感覺還挺有意思的，下次有機會一起去看吧。,0
你最近工作忙嗎？要記得多休息，不要太累了，身體最重要。,0
家裡的菜都準備好了，晚上一起吃飯吧，順便聊聊最近發生的事情。,0
如果有什麼困難或煩惱，別忘了告訴我，我會盡力幫你分擔。,0
明天有空嗎？我們可以約個時間一起去喝咖啡，聊聊近況。,0
最近天氣變化大，記得多穿點衣服，別感冒了，身體健康才是第一。,0
這週末想去郊外走走，你有興趣一起去嗎？呼吸新鮮空氣對身體很好。,0
聽說你在準備考試，加油哦！有需要幫忙複習的話隨時找我。,0
家裡那隻貓咪最近很調皮，不知道你有沒有時間回來看看它。,0
這陣子大家都很忙，但也別忘了保持聯絡，我很想知道你的近況,0
最近在學習新的興趣，希望有機會跟你分享，也想聽聽你的想法,0
今天工作挺忙的，不過晚上還是想抽空跟你聊聊，聽聽你最近的生活，有什麼新鮮事都跟我分享吧！,0
天氣越來越熱了，記得多喝水，別忘了防曬，這幾天天氣預報說會有午後雷陣雨，出門記得帶傘喔！,0
最近家裡的花草都長得不錯，我試著自己澆水和施肥，還算成功，有空可以來看看，順便坐坐聊聊天。,0
上次你提到的那本書我找到了，還沒開始看，但封面很吸引人，等我看完可以借給你，咱們一起討論故事情節。,0
你最近有沒有什麼好看的影集推薦？我最近想找點輕鬆的東西看，工作累了需要放鬆一下。,0
週末有空嗎？想約你一起去公園散步或喝杯咖啡，難得放假，不想一直宅在家裡。,0
我最近學了幾道簡單又好吃的菜，下次聚會時我做給你吃，保證你會喜歡，期待你的品評！,0
記得上次你說想買新手機，有找到合適的型號了嗎？需要我幫你參考一下評價或比價也沒問題。,0
工作壓力大時，別忘了適時放鬆一下，哪怕只是散散步或聽聽音樂，都能讓心情好起來。,0
你爸媽最近身體還好嗎？有沒有什麼需要我幫忙的地方，大家都要注意健康，記得定期做健康檢查。,0
我家的貓咪最近特別黏人，一直跟著我轉圈圈，看著它這樣心情都變好了，養寵物真的很療癒。,0
有時候覺得朋友真的很重要，無論生活多忙碌，只要能找時間聊聊天，就覺得一切都沒那麼累。,0
你上次提到想學畫畫，有找到好的線上課程或老師嗎？我也想一起學，說不定我們可以互相切磋。,0
前幾天去爬山，風景很美，空氣也很新鮮，有空我們可以安排一次小旅行，放鬆心情順便運動一下。,0
家裡冰箱裡的食材快用完了，今晚要不要一起去超市買點菜？順便聊聊近況，很久沒好好聚聚了。,0
孩子最近學校的表現不錯，老師也說他很乖，你有空可以來家裡看看，大家一起聊聊育兒經驗。,0
我知道你最近有點煩心事，需要人傾聽時，隨時找我聊聊，別讓壓力悶在心裡。,0
今天去市場買了新鮮水果，甜度很高，回來順便做了果汁，改天來我家喝，我做給你喝！,0
家裡的老照片翻出來看，回憶好多，有空整理一下給你看，聊聊過去那些有趣的事情，懷念時光。,0
